{
    "eventos": [
        {
            "_id": 1,
            "event": {
                "price": 250.00,
                "time": "09:00",
                "date": "2024-11-30",
                "address": "123 Rua Exemplo, Bairro, Cidade, Estado",
                "likes": 150,
                "name": "Fórum de Inovação em Tecnologia",
                "description": "Fórum dedicado a discutir as últimas inovações em tecnologia, com palestras, workshops e oportunidades de networking.",
                "url": "https://www.techconference.com.br",
                "blobs": [
                    {
                        "type": "image",
                        "file": "tech_forum1.jpeg"
                    },
                    {
                        "type": "image",
                        "file": "tech_forum2.jpeg"
                    }
                ]
            }
        },
        {
            "_id": 2,
            "event": {
                "price": 500.00,
                "likes": 200,
                "name": "Summit de Inteligência Artificial",
                "description": "Encontro internacional sobre o futuro da inteligência artificial e seu impacto no mercado, com especialistas de renome mundial.",
                "time": "14:00",
                "date": "2024-12-05",
                "address": "456 Rua AI, Bairro, Cidade, Estado",
                "url": "https://www.aisummit.com.br",
                "blobs": [
                    {
                        "type": "image",
                        "file": "ai_summit1.jpeg"
                    },
                    {
                        "type": "image",
                        "file": "ai_summit2.jpeg"
                    }
                ]
            }
        },
        {
            "_id": 3,
            "event": {
                "price": 100.00,
                "likes": 50,
                "name": "DevFest 2024",
                "description": "Festival de desenvolvedores com workshops, palestras e sessões práticas sobre as mais recentes tecnologias de software.",
                "time": "10:00",
                "date": "2024-11-20",
                "address": "789 Rua Dev, Bairro, Cidade, Estado",
                "url": "https://www.devfest.com.br",
                "blobs": [
                    {
                        "type": "image",
                        "file": "devfest1.jpeg"
                    },
                    {
                        "type": "image",
                        "file": "devfest2.jpeg"
                    }
                ]
            }
        },
        {
            "_id": 4,
            "event": {
                "price": 150.00,
                "likes": 180,
                "name": "Game Expo 2024",
                "description": "Exposição de jogos eletrônicos, com apresentações, torneios e demonstrações das últimas inovações no mundo dos games.",
                "time": "16:00",
                "date": "2024-12-10",
                "address": "101 Rua Game, Bairro, Cidade, Estado",
                "url": "https://www.gameexpo.com.br",
                "blobs": [
                    {
                        "type": "image",
                        "file": "gameexpo1.jpeg"
                    },
                    {
                        "type": "image",
                        "file": "gameexpo2.jpeg"
                    }
                ]
            }
        },
        {
            "_id": 5,
            "event": {
                "price": 350.00,
                "likes": 120,
                "name": "Digital Marketing Summit",
                "description": "Evento focado em estratégias de marketing digital, com experts compartilhando insights sobre SEO, publicidade paga e marketing de conteúdo.",
                "time": "08:00",
                "date": "2024-11-25",
                "address": "321 Rua Marketing, Bairro, Cidade, Estado",
                "url": "https://www.digitalmarketingsummit.com.br",
                "blobs": [
                    {
                        "type": "image",
                        "file": "marketing_summit1.jpeg"
                    },
                    {
                        "type": "image",
                        "file": "marketing_summit2.jpeg"
                    }
                ]
            }
        },
        {
            "_id": 6,
            "event": {
                "price": 450.00,
                "likes": 90,
                "name": "Blockchain Conference",
                "description": "Conferência global sobre o futuro da tecnologia blockchain, explorando inovações, tendências e oportunidades de negócios.",
                "time": "12:00",
                "date": "2024-12-15",
                "address": "654 Rua Blockchain, Bairro, Cidade, Estado",
                "url": "https://www.blockchainconference.com.br",
                "blobs": [
                    {
                        "type": "image",
                        "file": "blockchainconf1.jpeg"
                    },
                    {
                        "type": "image",
                        "file": "blockchainconf2.jpeg"
                    }
                ]
            }
        },
        {
            "_id": 7,
            "event": {
                "price": 200.00,
                "likes": 75,
                "name": "TechTalks: Inovações no Mercado de TI",
                "description": "Palestras e debates sobre as últimas inovações tecnológicas, com foco em transformação digital e novas tendências de TI.",
                "time": "09:00",
                "date": "2024-11-28",
                "address": "222 Rua TI, Bairro, Cidade, Estado",
                "url": "https://www.techtalks.com.br",
                "blobs": [
                    {
                        "type": "image",
                        "file": "techtalks1.jpeg"
                    },
                    {
                        "type": "image",
                        "file": "techtalks2.jpeg"
                    }
                ]
            }
        },
        {
            "_id": 8,
            "event": {
                "price": 300.00,
                "likes": 140,
                "name": "HealthTech Summit 2024",
                "description": "Cúpula de inovação em saúde, focada em discutir novas tecnologias e soluções para o setor da saúde.",
                "time": "13:00",
                "date": "2024-12-02",
                "address": "555 Rua Saúde, Bairro, Cidade, Estado",
                "url": "https://www.healthtechsummit.com.br",
                "blobs": [
                    {
                        "type": "image",
                        "file": "healthtech1.jpeg"
                    },
                    {
                        "type": "image",
                        "file": "healthtech2.jpeg"
                    }
                ]
            }
        },
        {
            "_id": 9,
            "event": {
                "price": 180.00,
                "likes": 65,
                "name": "Startup Weekend São Paulo",
                "description": "Evento de 54 horas onde empreendedores se reúnem para formar startups, desenvolver produtos e apresentar suas ideias.",
                "time": "17:00",
                "date": "2024-11-18",
                "address": "888 Rua Startup, Bairro, Cidade, Estado",
                "url": "https://www.startupweekend.com.br",
                "blobs": [
                    {
                        "type": "image",
                        "file": "startupweekend1.jpeg"
                    },
                    {
                        "type": "image",
                        "file": "startupweekend2.jpeg"
                    }
                ]
            }
        },
        {
            "_id": 10,
            "event": {
                "price": 400.00,
                "likes": 300,
                "name": "Conferência de Cibersegurança",
                "description": "Evento para discutir as últimas tendências em segurança digital, com workshops e palestras sobre proteção contra ciberataques.",
                "time": "09:00",
                "date": "2024-12-20",
                "address": "333 Rua Cibersegurança, Bairro, Cidade, Estado",
                "url": "https://www.cybersecurityconference.com.br",
                "blobs": [
                    {
                        "type": "image",
                        "file": "cybersecurity1.jpeg"
                    },
                    {
                        "type": "image",
                        "file": "cybersecurity2.jpeg"
                    }
                ]
            }
        },
        {
            "_id": 11,
            "event": {
                "price": 550.00,
                "likes": 220,
                "name": "Cloud Summit 2024",
                "description": "Encontro sobre computação em nuvem, abordando novas soluções, tendências e oportunidades no setor.",
                "time": "10:00",
                "date": "2024-12-25",
                "address": "777 Rua Cloud, Bairro, Cidade, Estado",
                "url": "https://www.cloudsummit.com.br",
                "blobs": [
                    {
                        "type": "image",
                        "file": "cloudsummit1.jpeg"
                    },
                    {
                        "type": "image",
                        "file": "cloudsummit2.jpeg"
                    }
                ]
            }
        },
        {
            "_id": 12,
            "event": {
                "price": 380.00,
                "likes": 130,
                "name": "Startup Growth Summit",
                "description": "Evento focado no crescimento de startups, com palestras e painéis sobre escalabilidade e estratégias de negócios.",
                "time": "11:00",
                "date": "2024-12-12",
                "address": "111 Rua Startup Growth, Bairro, Cidade, Estado",
                "url": "https://www.startupgrowthsummit.com.br",
                "blobs": [
                    {
                        "type": "image",
                        "file": "startupgrowth1.jpeg"
                    },
                    {
                        "type": "image",
                        "file": "startupgrowth2.jpeg"
                    }
                ]
            }
        },
        {
            "_id": 13,
            "event": {
                "price": 300.00,
                "likes": 95,
                "name": "AI Future Conference",
                "description": "Discussões sobre o impacto da inteligência artificial no futuro dos negócios e da sociedade.",
                "time": "09:30",
                "date": "2024-12-15",
                "address": "500 Rua Inteligência, Bairro, Cidade, Estado",
                "url": "https://www.aifutureconference.com",
                "blobs": [
                    {
                        "type": "image",
                        "file": "aifuture1.jpeg"
                    },
                    {
                        "type": "image",
                        "file": "aifuture2.jpeg"
                    }
                ]
            }
        },
        {
            "_id": 14,
            "event": {
                "price": 250.00,
                "likes": 80,
                "name": "Digital Marketing Expo",
                "description": "Explorando novas abordagens no marketing digital para engajamento de clientes e aumento de conversões.",
                "time": "14:00",
                "date": "2024-12-20",
                "address": "123 Rua Marketing, Bairro, Cidade, Estado",
                "url": "https://www.digitalmarketingexpo.com.br",
                "blobs": [
                    {
                        "type": "image",
                        "file": "dmexpo1.jpeg"
                    },
                    {
                        "type": "image",
                        "file": "dmexpo2.jpeg"
                    }
                ]
            }
        },
        {
            "_id": 15,
            "event": {
                "price": 420.00,
                "likes": 150,
                "name": "Tech Leaders Summit",
                "description": "Reunião de líderes de tecnologia para discutir tendências em liderança e inovação.",
                "time": "10:00",
                "date": "2024-12-18",
                "address": "789 Rua Inovação, Bairro, Cidade, Estado",
                "url": "https://www.techleaderssummit.com",
                "blobs": [
                    {
                        "type": "image",
                        "file": "techleaders1.jpeg"
                    },
                    {
                        "type": "image",
                        "file": "techleaders2.jpeg"
                    }
                ]
            }
        },
        {
            "_id": 16,
            "event": {
                "price": 200.00,
                "likes": 60,
                "name": "HealthTech Forum",
                "description": "Discussão sobre as inovações em tecnologia para o setor de saúde, com startups e especialistas.",
                "time": "16:00",
                "date": "2024-12-10",
                "address": "222 Rua Saúde, Bairro, Cidade, Estado",
                "url": "https://www.healthtechforum.com",
                "blobs": [
                    {
                        "type": "image",
                        "file": "healthtech1.jpeg"
                    },
                    {
                        "type": "image",
                        "file": "healthtech2.jpeg"
                    }
                ]
            }
        },
        {
            "_id": 17,
            "event": {
                "price": 600.00,
                "likes": 240,
                "name": "Cybersecurity World",
                "description": "Conferência sobre segurança cibernética, explorando ameaças emergentes e soluções inovadoras.",
                "time": "13:00",
                "date": "2024-12-22",
                "address": "333 Rua Segurança, Bairro, Cidade, Estado",
                "url": "https://www.cybersecurityworld.com.br",
                "blobs": [
                    {
                        "type": "image",
                        "file": "cyberworld1.jpeg"
                    },
                    {
                        "type": "image",
                        "file": "cyberworld2.jpeg"
                    }
                ]
            }
        },
        {
            "_id": 18,
            "event": {
                "price": 480.00,
                "likes": 175,
                "name": "DevOps Connect",
                "description": "Um evento para engenheiros e gerentes de DevOps discutirem automação e metodologias ágeis.",
                "time": "15:00",
                "date": "2024-12-28",
                "address": "444 Rua Automação, Bairro, Cidade, Estado",
                "url": "https://www.devopsconnect.com",
                "blobs": [
                    {
                        "type": "image",
                        "file": "devopsconnect1.jpeg"
                    },
                    {
                        "type": "image",
                        "file": "devopsconnect2.jpeg"
                    }
                ]
            }
        }
    ]
}
