{
  "project_info": {
    "project_number": "815850380653",
    "project_id": "eventos-16e06",
    "storage_bucket": "eventos-16e06.firebasestorage.app"
  },
  "client": [
    {
      "client_info": {
        "mobilesdk_app_id": "1:815850380653:android:2e20f5c9f0dedff000ce64",
        "android_client_info": {
          "package_name": "com.example.eventos"
        }
      },
      "oauth_client": [],
      "api_key": [
        {
          "current_key": "AIzaSyB9l2i5P-J2-a58PgEB6MBLgkfJ4M_3fcY"
        }
      ],
      "services": {
        "appinvite_service": {
          "other_platform_oauth_client": []
        }
      }
    }
  ],
  "configuration_version": "1"
}